timestamps,tp9,af7,af8,tp10,right aux
1706074921.382058,795.3846435546875,788.5347900390625,1252.3077392578125,781.6849975585938,850.5860595703125
1706074921.3890543,796.996337890625,788.1318969726562,1324.029296875,777.6557006835938,697.4725341796875
1706074921.404048,785.7142944335938,785.3113403320312,291.72161865234375,738.974365234375,718.8278198242188
1706074921.4200394,785.7142944335938,785.3113403320312,291.72161865234375,738.974365234375,718.8278198242188
1706074921.4371853,838.4981689453125,797.8021850585938,1054.06591796875,936.4102783203125,836.4835205078125
1706074921.449679,838.4981689453125,797.8021850585938,1054.06591796875,936.4102783203125,836.4835205078125
1706074921.4656694,794.5787353515625,791.3552856445312,654.7619018554688,699.084228515625,698.6813354492188
1706074921.482658,814.7252807617188,791.3552856445312,1218.4615478515625,909.8168334960938,747.032958984375
1706074921.498671,814.7252807617188,791.3552856445312,1218.4615478515625,909.8168334960938,747.032958984375
1706074921.513685,814.7252807617188,791.3552856445312,1218.4615478515625,909.8168334960938,747.032958984375
1706074921.5306785,821.1721801757812,795.3846435546875,1187.032958984375,898.1318969726562,790.1465454101562
1706074921.5456696,821.1721801757812,795.3846435546875,1187.032958984375,898.1318969726562,790.1465454101562
1706074921.5626626,799.010986328125,785.7142944335938,1201.5384521484375,832.05126953125,778.05859375
1706074921.5776513,799.010986328125,785.7142944335938,1201.5384521484375,832.05126953125,778.05859375
1706074921.5936437,799.010986328125,785.7142944335938,1201.5384521484375,832.05126953125,778.05859375
1706074921.609633,784.908447265625,788.937744140625,1101.6116943359375,765.5677490234375,813.91943359375
1706074921.624624,815.1282348632812,785.7142944335938,275.20147705078125,891.6849975585938,850.5860595703125
1706074921.641615,781.6849975585938,790.5494384765625,645.8974609375,630.1831665039062,703.5164794921875
1706074921.6566093,781.6849975585938,790.5494384765625,645.8974609375,630.1831665039062,703.5164794921875
1706074921.6716003,781.6849975585938,790.5494384765625,645.8974609375,630.1831665039062,703.5164794921875
1706074921.6885962,781.6849975585938,790.5494384765625,645.8974609375,630.1831665039062,703.5164794921875
1706074921.7008214,781.6849975585938,790.5494384765625,645.8974609375,630.1831665039062,703.5164794921875
1706074921.7109375,794.1758422851562,792.1611938476562,1192.2711181640625,741.3919677734375,706.3369750976562
1706074921.7205029,794.1758422851562,792.1611938476562,1192.2711181640625,741.3919677734375,706.3369750976562
1706074921.7359967,794.1758422851562,792.1611938476562,1192.2711181640625,741.3919677734375,706.3369750976562
1706074921.7522683,808.2783813476562,799.010986328125,1136.6666259765625,950.5128173828125,810.2930297851562
1706074921.7690518,775.6410522460938,796.1904907226562,464.981689453125,614.8717651367188,698.6813354492188
1706074921.7853608,775.6410522460938,796.1904907226562,464.981689453125,614.8717651367188,698.6813354492188
1706074921.7870162,775.6410522460938,796.1904907226562,464.981689453125,614.8717651367188,698.6813354492188
1706074921.8031507,805.8607788085938,791.3552856445312,1150.3663330078125,954.945068359375,800.2197875976562
1706074921.8372693,795.3846435546875,788.937744140625,1337.7288818359375,866.7033081054688,806.6666870117188
1706074921.8529701,795.3846435546875,788.937744140625,1337.7288818359375,866.7033081054688,806.6666870117188
1706074921.8557737,795.3846435546875,788.937744140625,1337.7288818359375,866.7033081054688,806.6666870117188
1706074921.8716967,795.3846435546875,788.937744140625,1337.7288818359375,866.7033081054688,806.6666870117188
1706074921.88219,795.3846435546875,788.937744140625,1337.7288818359375,866.7033081054688,806.6666870117188
1706074921.8862147,795.3846435546875,788.937744140625,1337.7288818359375,866.7033081054688,806.6666870117188
1706074921.9019806,795.3846435546875,788.937744140625,1337.7288818359375,866.7033081054688,806.6666870117188
1706074921.9044435,795.3846435546875,788.937744140625,1337.7288818359375,866.7033081054688,806.6666870117188
1706074921.919636,795.3846435546875,788.937744140625,1337.7288818359375,866.7033081054688,806.6666870117188
1706074921.9294071,795.3846435546875,788.937744140625,1337.7288818359375,866.7033081054688,806.6666870117188
1706074921.9372284,795.3846435546875,788.937744140625,1337.7288818359375,866.7033081054688,806.6666870117188
1706074921.952495,795.3846435546875,788.937744140625,1337.7288818359375,866.7033081054688,806.6666870117188
1706074921.957893,795.3846435546875,788.937744140625,1337.7288818359375,866.7033081054688,806.6666870117188
1706074921.9746408,795.3846435546875,788.937744140625,1337.7288818359375,866.7033081054688,806.6666870117188
1706074921.9858334,795.3846435546875,788.937744140625,1337.7288818359375,866.7033081054688,806.6666870117188
1706074922.0010116,795.3846435546875,788.937744140625,1337.7288818359375,866.7033081054688,806.6666870117188
1706074922.017674,795.3846435546875,788.937744140625,1337.7288818359375,866.7033081054688,806.6666870117188
1706074922.0333421,795.3846435546875,788.937744140625,1337.7288818359375,866.7033081054688,806.6666870117188
1706074922.0499985,795.3846435546875,788.937744140625,1337.7288818359375,866.7033081054688,806.6666870117188
1706074922.0667431,795.3846435546875,788.937744140625,1337.7288818359375,866.7033081054688,806.6666870117188
1706074922.0833347,795.3846435546875,788.937744140625,1337.7288818359375,866.7033081054688,806.6666870117188
1706074922.1000757,795.3846435546875,788.937744140625,1337.7288818359375,866.7033081054688,806.6666870117188
1706074922.1166215,795.3846435546875,788.937744140625,1337.7288818359375,866.7033081054688,806.6666870117188
1706074922.133294,795.3846435546875,788.937744140625,1337.7288818359375,866.7033081054688,806.6666870117188
1706074922.1499512,795.3846435546875,788.937744140625,1337.7288818359375,866.7033081054688,806.6666870117188
1706074922.1535537,795.3846435546875,788.937744140625,1337.7288818359375,866.7033081054688,806.6666870117188
1706074922.1698945,795.3846435546875,788.937744140625,1337.7288818359375,866.7033081054688,806.6666870117188
1706074922.1852682,795.3846435546875,788.937744140625,1337.7288818359375,866.7033081054688,806.6666870117188
1706074922.200963,795.3846435546875,788.937744140625,1337.7288818359375,866.7033081054688,806.6666870117188
1706074922.2166011,795.3846435546875,788.937744140625,1337.7288818359375,866.7033081054688,806.6666870117188
1706074922.234307,795.3846435546875,788.937744140625,1337.7288818359375,866.7033081054688,806.6666870117188
1706074922.2499661,795.3846435546875,788.937744140625,1337.7288818359375,866.7033081054688,806.6666870117188
1706074922.2666006,795.3846435546875,788.937744140625,1337.7288818359375,866.7033081054688,806.6666870117188
1706074922.283383,795.3846435546875,788.937744140625,1337.7288818359375,866.7033081054688,806.6666870117188
1706074922.300003,795.3846435546875,788.937744140625,1337.7288818359375,866.7033081054688,806.6666870117188
1706074922.3167174,795.3846435546875,788.937744140625,1337.7288818359375,866.7033081054688,806.6666870117188
1706074922.333334,795.3846435546875,788.937744140625,1337.7288818359375,866.7033081054688,806.6666870117188
1706074922.3508651,795.3846435546875,788.937744140625,1337.7288818359375,866.7033081054688,806.6666870117188
1706074922.3674915,795.3846435546875,788.937744140625,1337.7288818359375,866.7033081054688,806.6666870117188
1706074922.3833666,795.3846435546875,788.937744140625,1337.7288818359375,866.7033081054688,806.6666870117188
1706074922.4001079,795.3846435546875,788.937744140625,1337.7288818359375,866.7033081054688,806.6666870117188
1706074922.4189298,795.3846435546875,788.937744140625,1337.7288818359375,866.7033081054688,806.6666870117188
1706074922.4343436,795.3846435546875,788.937744140625,1337.7288818359375,866.7033081054688,806.6666870117188
1706074922.4499564,795.3846435546875,788.937744140625,1337.7288818359375,866.7033081054688,806.6666870117188
1706074922.4666045,795.3846435546875,788.937744140625,1337.7288818359375,866.7033081054688,806.6666870117188
1706074922.4833019,795.3846435546875,788.937744140625,1337.7288818359375,866.7033081054688,806.6666870117188
1706074922.4999547,795.3846435546875,788.937744140625,1337.7288818359375,866.7033081054688,806.6666870117188
1706074922.5166032,795.3846435546875,788.937744140625,1337.7288818359375,866.7033081054688,806.6666870117188
1706074922.5333257,795.3846435546875,788.937744140625,1337.7288818359375,866.7033081054688,806.6666870117188
1706074922.5499363,795.3846435546875,788.937744140625,1337.7288818359375,866.7033081054688,806.6666870117188
1706074922.566626,795.3846435546875,788.937744140625,1337.7288818359375,866.7033081054688,806.6666870117188
1706074922.5832663,795.3846435546875,788.937744140625,1337.7288818359375,866.7033081054688,806.6666870117188
1706074922.5999367,795.3846435546875,788.937744140625,1337.7288818359375,866.7033081054688,806.6666870117188
1706074922.6166313,795.3846435546875,788.937744140625,1337.7288818359375,866.7033081054688,806.6666870117188
1706074922.6333249,795.3846435546875,788.937744140625,1337.7288818359375,866.7033081054688,806.6666870117188
1706074922.6499724,795.3846435546875,788.937744140625,1337.7288818359375,866.7033081054688,806.6666870117188
1706074922.6676555,795.3846435546875,788.937744140625,1337.7288818359375,866.7033081054688,806.6666870117188
1706074922.6833332,795.3846435546875,788.937744140625,1337.7288818359375,866.7033081054688,806.6666870117188
1706074922.701073,795.3846435546875,788.937744140625,1337.7288818359375,866.7033081054688,806.6666870117188
1706074922.7166674,795.3846435546875,788.937744140625,1337.7288818359375,866.7033081054688,806.6666870117188
1706074922.733377,795.3846435546875,788.937744140625,1337.7288818359375,866.7033081054688,806.6666870117188
1706074922.7499864,795.3846435546875,788.937744140625,1337.7288818359375,866.7033081054688,806.6666870117188
1706074922.7675982,795.3846435546875,788.937744140625,1337.7288818359375,866.7033081054688,806.6666870117188
1706074922.783375,795.3846435546875,788.937744140625,1337.7288818359375,866.7033081054688,806.6666870117188
1706074922.8007622,795.3846435546875,788.937744140625,1337.7288818359375,866.7033081054688,806.6666870117188
1706074922.8175278,795.3846435546875,788.937744140625,1337.7288818359375,866.7033081054688,806.6666870117188
1706074922.833476,795.3846435546875,788.937744140625,1337.7288818359375,866.7033081054688,806.6666870117188
1706074922.8507388,795.3846435546875,788.937744140625,1337.7288818359375,866.7033081054688,806.6666870117188
1706074922.8676598,795.3846435546875,788.937744140625,1337.7288818359375,866.7033081054688,806.6666870117188
1706074922.8832433,795.3846435546875,788.937744140625,1337.7288818359375,866.7033081054688,806.6666870117188
1706074922.899905,795.3846435546875,788.937744140625,1337.7288818359375,866.7033081054688,806.6666870117188
1706074922.9166138,795.3846435546875,788.937744140625,1337.7288818359375,866.7033081054688,806.6666870117188
1706074922.93323,795.3846435546875,788.937744140625,1337.7288818359375,866.7033081054688,806.6666870117188
1706074922.9510436,795.3846435546875,788.937744140625,1337.7288818359375,866.7033081054688,806.6666870117188
1706074922.9665997,795.3846435546875,788.937744140625,1337.7288818359375,866.7033081054688,806.6666870117188
1706074922.9832487,795.3846435546875,788.937744140625,1337.7288818359375,866.7033081054688,806.6666870117188
1706074922.9999707,795.3846435546875,788.937744140625,1337.7288818359375,866.7033081054688,806.6666870117188
1706074923.0165834,795.3846435546875,788.937744140625,1337.7288818359375,866.7033081054688,806.6666870117188
1706074923.0352926,795.3846435546875,788.937744140625,1337.7288818359375,866.7033081054688,806.6666870117188
1706074923.0499659,795.3846435546875,788.937744140625,1337.7288818359375,866.7033081054688,806.6666870117188
1706074923.0666258,795.3846435546875,788.937744140625,1337.7288818359375,866.7033081054688,806.6666870117188
1706074923.0844097,795.3846435546875,788.937744140625,1337.7288818359375,866.7033081054688,806.6666870117188
1706074923.1009514,795.3846435546875,788.937744140625,1337.7288818359375,866.7033081054688,806.6666870117188
1706074923.1190462,795.3846435546875,788.937744140625,1337.7288818359375,866.7033081054688,806.6666870117188
1706074923.1343277,795.3846435546875,788.937744140625,1337.7288818359375,866.7033081054688,806.6666870117188
1706074923.1499815,795.3846435546875,788.937744140625,1337.7288818359375,866.7033081054688,806.6666870117188
1706074923.166654,795.3846435546875,788.937744140625,1337.7288818359375,866.7033081054688,806.6666870117188
1706074923.183336,795.3846435546875,788.937744140625,1337.7288818359375,866.7033081054688,806.6666870117188
1706074923.1865385,795.3846435546875,788.937744140625,1337.7288818359375,866.7033081054688,806.6666870117188
1706074923.202381,795.3846435546875,788.937744140625,1337.7288818359375,866.7033081054688,806.6666870117188
1706074923.2177436,795.3846435546875,788.937744140625,1337.7288818359375,866.7033081054688,806.6666870117188
1706074923.2333214,795.3846435546875,788.937744140625,1337.7288818359375,866.7033081054688,806.6666870117188
1706074923.2499335,795.3846435546875,788.937744140625,1337.7288818359375,866.7033081054688,806.6666870117188
1706074923.267959,795.3846435546875,788.937744140625,1337.7288818359375,866.7033081054688,806.6666870117188
1706074923.283257,795.3846435546875,788.937744140625,1337.7288818359375,866.7033081054688,806.6666870117188
1706074923.3000138,795.3846435546875,788.937744140625,1337.7288818359375,866.7033081054688,806.6666870117188
1706074923.3175955,795.3846435546875,788.937744140625,1337.7288818359375,866.7033081054688,806.6666870117188
1706074923.3332982,795.3846435546875,788.937744140625,1337.7288818359375,866.7033081054688,806.6666870117188
1706074923.349971,795.3846435546875,788.937744140625,1337.7288818359375,866.7033081054688,806.6666870117188
1706074923.3676252,795.3846435546875,788.937744140625,1337.7288818359375,866.7033081054688,806.6666870117188
1706074923.383238,795.3846435546875,788.937744140625,1337.7288818359375,866.7033081054688,806.6666870117188
1706074923.3998947,795.3846435546875,788.937744140625,1337.7288818359375,866.7033081054688,806.6666870117188
1706074923.4165564,795.3846435546875,788.937744140625,1337.7288818359375,866.7033081054688,806.6666870117188
1706074923.4332042,795.3846435546875,788.937744140625,1337.7288818359375,866.7033081054688,806.6666870117188
1706074923.4519756,795.3846435546875,788.937744140625,1337.7288818359375,866.7033081054688,806.6666870117188
1706074923.4665477,795.3846435546875,788.937744140625,1337.7288818359375,866.7033081054688,806.6666870117188
1706074923.470075,795.3846435546875,788.937744140625,1337.7288818359375,866.7033081054688,806.6666870117188
1706074923.4853632,795.3846435546875,788.937744140625,1337.7288818359375,866.7033081054688,806.6666870117188
1706074923.5008879,795.3846435546875,788.937744140625,1337.7288818359375,866.7033081054688,806.6666870117188
1706074923.5165534,795.3846435546875,788.937744140625,1337.7288818359375,866.7033081054688,806.6666870117188
1706074923.533204,795.3846435546875,788.937744140625,1337.7288818359375,866.7033081054688,806.6666870117188
1706074923.5363688,795.3846435546875,788.937744140625,1337.7288818359375,866.7033081054688,806.6666870117188
1706074923.5523095,795.3846435546875,788.937744140625,1337.7288818359375,866.7033081054688,806.6666870117188
1706074923.567609,795.3846435546875,788.937744140625,1337.7288818359375,866.7033081054688,806.6666870117188
1706074923.5842457,795.3846435546875,788.937744140625,1337.7288818359375,866.7033081054688,806.6666870117188
1706074923.6011977,795.3846435546875,788.937744140625,1337.7288818359375,866.7033081054688,806.6666870117188
1706074923.6174488,795.3846435546875,788.937744140625,1337.7288818359375,866.7033081054688,806.6666870117188
1706074923.6332567,795.3846435546875,788.937744140625,1337.7288818359375,866.7033081054688,806.6666870117188
1706074923.6509905,795.3846435546875,788.937744140625,1337.7288818359375,866.7033081054688,806.6666870117188
1706074923.6666193,795.3846435546875,788.937744140625,1337.7288818359375,866.7033081054688,806.6666870117188
1706074923.683396,795.3846435546875,788.937744140625,1337.7288818359375,866.7033081054688,806.6666870117188
1706074923.69995,795.3846435546875,788.937744140625,1337.7288818359375,866.7033081054688,806.6666870117188
1706074923.717516,795.3846435546875,788.937744140625,1337.7288818359375,866.7033081054688,806.6666870117188
1706074923.7344067,795.3846435546875,788.937744140625,1337.7288818359375,866.7033081054688,806.6666870117188
1706074923.7500324,795.3846435546875,788.937744140625,1337.7288818359375,866.7033081054688,806.6666870117188
1706074923.7667089,795.3846435546875,788.937744140625,1337.7288818359375,866.7033081054688,806.6666870117188
1706074923.7832434,795.3846435546875,788.937744140625,1337.7288818359375,866.7033081054688,806.6666870117188
1706074923.8000789,795.3846435546875,788.937744140625,1337.7288818359375,866.7033081054688,806.6666870117188
1706074923.8174732,795.3846435546875,788.937744140625,1337.7288818359375,866.7033081054688,806.6666870117188
1706074923.834282,795.3846435546875,788.937744140625,1337.7288818359375,866.7033081054688,806.6666870117188
1706074923.8500464,795.3846435546875,788.937744140625,1337.7288818359375,866.7033081054688,806.6666870117188
1706074923.866718,795.3846435546875,788.937744140625,1337.7288818359375,866.7033081054688,806.6666870117188
1706074923.8833659,795.3846435546875,788.937744140625,1337.7288818359375,866.7033081054688,806.6666870117188
1706074923.9009075,795.3846435546875,788.937744140625,1337.7288818359375,866.7033081054688,806.6666870117188
1706074923.916649,795.3846435546875,788.937744140625,1337.7288818359375,866.7033081054688,806.6666870117188
1706074923.9333906,795.3846435546875,788.937744140625,1337.7288818359375,866.7033081054688,806.6666870117188
1706074923.950725,795.3846435546875,788.937744140625,1337.7288818359375,866.7033081054688,806.6666870117188
1706074923.9684916,808.6813354492188,791.3552856445312,1315.970703125,1100.805908203125,913.040283203125
1706074923.970426,808.6813354492188,791.3552856445312,1315.970703125,1100.805908203125,913.040283203125
1706074923.9869153,808.6813354492188,791.3552856445312,1315.970703125,1100.805908203125,913.040283203125
1706074924.0028615,812.7106323242188,800.6226806640625,1178.5714111328125,1086.7032470703125,923.5164794921875
1706074924.0194433,782.4908447265625,792.5640869140625,152.3076934814453,405.3479919433594,704.7252807617188
1706074924.035392,782.4908447265625,792.5640869140625,152.3076934814453,405.3479919433594,704.7252807617188
1706074924.051999,779.2673950195312,776.8497924804688,618.09521484375,635.018310546875,790.952392578125
1706074924.0675032,779.2673950195312,776.8497924804688,618.09521484375,635.018310546875,790.952392578125
1706074924.0831964,779.2673950195312,776.8497924804688,618.09521484375,635.018310546875,790.952392578125
1706074924.1020827,773.2234497070312,786.5201416015625,404.1391906738281,534.6886596679688,711.97802734375
1706074924.1193678,773.2234497070312,786.5201416015625,404.1391906738281,534.6886596679688,711.97802734375
1706074924.134242,773.2234497070312,786.5201416015625,404.1391906738281,534.6886596679688,711.97802734375
1706074924.1536486,785.7142944335938,791.7582397460938,91.46520233154297,526.2271118164062,659.1941528320312
1706074924.1688325,785.7142944335938,791.7582397460938,91.46520233154297,526.2271118164062,659.1941528320312
1706074924.185271,772.0146484375,790.1465454101562,329.5970764160156,652.7472534179688,788.937744140625
1706074924.2022147,800.2197875976562,791.3552856445312,362.23443603515625,705.93408203125,695.4578857421875
1706074924.2174394,800.2197875976562,791.3552856445312,362.23443603515625,705.93408203125,695.4578857421875
1706074924.234175,767.1795043945312,788.1318969726562,159.1575164794922,400.5128173828125,608.02197265625
1706074924.2498393,767.1795043945312,788.1318969726562,159.1575164794922,400.5128173828125,608.02197265625
1706074924.2695396,802.2344360351562,801.025634765625,765.970703125,849.3773193359375,767.1795043945312
1706074924.2859375,805.054931640625,784.5054931640625,1359.89013671875,953.7362670898438,868.7179565429688
1706074924.3018367,805.054931640625,784.5054931640625,1359.89013671875,953.7362670898438,868.7179565429688
1706074924.318531,772.4176025390625,776.4468994140625,688.6080322265625,498.8278503417969,668.4615478515625
1706074924.3331773,814.7252807617188,773.2234497070312,902.1611938476562,1006.923095703125,1051.6483154296875
1706074924.3508627,814.7252807617188,773.2234497070312,902.1611938476562,1006.923095703125,1051.6483154296875
1706074924.3665147,814.7252807617188,773.2234497070312,902.1611938476562,1006.923095703125,1051.6483154296875
1706074924.384171,792.5640869140625,774.8351440429688,1069.3773193359375,836.886474609375,729.3040161132812
1706074924.4009209,834.8717651367188,778.8644409179688,1028.2784423828125,1074.21240234375,817.5457763671875
1706074924.4175675,834.8717651367188,778.8644409179688,1028.2784423828125,1074.21240234375,817.5457763671875
1706074924.434259,808.6813354492188,781.6849975585938,1249.4871826171875,1074.21240234375,806.2637329101562
1706074924.4498928,808.6813354492188,781.6849975585938,1249.4871826171875,1074.21240234375,806.2637329101562
1706074924.4675531,788.1318969726562,796.1904907226562,47.14285659790039,442.0146484375,614.06591796875
1706074924.4707382,805.4578857421875,786.923095703125,584.6520385742188,792.5640869140625,740.1831665039062
1706074924.485643,780.4761962890625,789.3406372070312,102.74725341796875,401.72161865234375,626.5567626953125
1706074924.50095,780.4761962890625,789.3406372070312,102.74725341796875,401.72161865234375,626.5567626953125
1706074924.518676,786.1171875,795.3846435546875,530.6593627929688,539.120849609375,679.7435913085938
1706074924.5356193,819.1575317382812,794.5787353515625,1272.4542236328125,1135.054931640625,883.2234497070312
1706074924.552007,774.4322509765625,783.2966918945312,980.3296508789062,824.7985229492188,732.12451171875
1706074924.567574,815.5311279296875,785.3113403320312,843.7362670898438,1035.93408203125,883.2234497070312
1706074924.583154,815.5311279296875,785.3113403320312,843.7362670898438,1035.93408203125,883.2234497070312
1706074924.6008167,803.4432373046875,797.3992919921875,462.967041015625,744.6153564453125,729.3040161132812
1706074924.6175017,775.2380981445312,793.7728881835938,568.1318969726562,714.7985229492188,995.6410522460938
1706074924.6352262,796.996337890625,792.967041015625,437.9853515625,803.8461303710938,817.94873046875
1706074924.6498437,786.923095703125,797.3992919921875,1284.13916015625,1029.084228515625,766.3735961914062
1706074924.6665416,786.923095703125,797.3992919921875,1284.13916015625,1029.084228515625,766.3735961914062
1706074924.6831524,786.923095703125,797.3992919921875,1284.13916015625,1029.084228515625,766.3735961914062
1706074924.7020388,786.923095703125,797.3992919921875,1284.13916015625,1029.084228515625,766.3735961914062
1706074924.7205706,774.4322509765625,788.937744140625,418.24176025390625,521.3919677734375,660.0
1706074924.7353537,774.4322509765625,788.937744140625,418.24176025390625,521.3919677734375,660.0
1706074924.7518728,809.084228515625,790.1465454101562,801.4285888671875,994.4322509765625,792.1611938476562
1706074924.7539206,809.084228515625,790.1465454101562,801.4285888671875,994.4322509765625,792.1611938476562
1706074924.7701085,809.084228515625,790.1465454101562,801.4285888671875,994.4322509765625,792.1611938476562
1706074924.7851574,809.084228515625,790.1465454101562,801.4285888671875,994.4322509765625,792.1611938476562
1706074924.7891228,790.5494384765625,788.5347900390625,1224.1025390625,1052.857177734375,871.1355590820312
1706074924.802568,803.4432373046875,801.025634765625,900.5494384765625,781.2820434570312,687.8021850585938
1706074924.8185036,803.4432373046875,801.025634765625,900.5494384765625,781.2820434570312,687.8021850585938
1706074924.8341742,793.7728881835938,790.952392578125,702.3076782226562,665.6410522460938,646.7033081054688
1706074924.83878,793.7728881835938,790.952392578125,702.3076782226562,665.6410522460938,646.7033081054688
1706074924.8543324,793.7728881835938,790.952392578125,702.3076782226562,665.6410522460938,646.7033081054688
1706074924.868636,793.7728881835938,790.952392578125,702.3076782226562,665.6410522460938,646.7033081054688
1706074924.885192,805.4578857421875,801.8314819335938,1226.5201416015625,972.2710571289062,748.6447143554688
1706074924.9018185,773.6264038085938,794.1758422851562,159.96336364746094,468.6080627441406,661.6116943359375
1706074924.9183202,793.7728881835938,796.5933837890625,1153.186767578125,926.3369750976562,786.1171875
1706074924.9341836,823.5897216796875,795.7875366210938,759.9267578125,986.3735961914062,940.4395751953125
1706074924.9374907,823.5897216796875,795.7875366210938,759.9267578125,986.3735961914062,940.4395751953125
1706074924.9521232,823.5897216796875,795.7875366210938,759.9267578125,986.3735961914062,940.4395751953125
1706074924.9676008,823.5897216796875,795.7875366210938,759.9267578125,986.3735961914062,940.4395751953125
1706074924.983253,823.5897216796875,795.7875366210938,759.9267578125,986.3735961914062,940.4395751953125
1706074925.0008097,795.3846435546875,795.3846435546875,173.6630096435547,635.8241577148438,792.5640869140625
1706074925.0186696,795.3846435546875,795.3846435546875,173.6630096435547,635.8241577148438,792.5640869140625
1706074925.0341468,795.3846435546875,796.5933837890625,510.5128173828125,786.5201416015625,745.4212646484375
1706074925.050799,778.8644409179688,794.981689453125,70.5128173828125,419.8534851074219,635.8241577148438
1706074925.0665324,778.8644409179688,794.981689453125,70.5128173828125,419.8534851074219,635.8241577148438
1706074925.084166,780.0732421875,786.1171875,42.71062088012695,448.05859375,647.5091552734375
1706074925.1008234,803.8461303710938,787.3259887695312,544.7619018554688,884.8351440429688,891.6849975585938
1706074925.1164603,803.8461303710938,787.3259887695312,544.7619018554688,884.8351440429688,891.6849975585938
1706074925.1351564,783.2966918945312,791.7582397460938,29.41391944885254,477.4725341796875,680.952392578125
1706074925.1497974,783.2966918945312,791.7582397460938,29.41391944885254,477.4725341796875,680.952392578125
1706074925.1665137,783.2966918945312,791.7582397460938,29.41391944885254,477.4725341796875,680.952392578125
1706074925.185188,784.1025390625,794.1758422851562,1042.3809814453125,767.9853515625,660.0
1706074925.1998405,784.1025390625,794.1758422851562,1042.3809814453125,767.9853515625,660.0
1706074925.2185001,826.4102783203125,794.981689453125,1068.16845703125,1089.120849609375,891.6849975585938
1706074925.234159,826.4102783203125,794.981689453125,1068.16845703125,1089.120849609375,891.6849975585938
1706074925.2498298,826.4102783203125,794.981689453125,1068.16845703125,1089.120849609375,891.6849975585938
1706074925.2675278,783.2966918945312,793.3699340820312,97.5091552734375,427.9120788574219,628.5714111328125
1706074925.283996,783.2966918945312,793.3699340820312,97.5091552734375,427.9120788574219,628.5714111328125
1706074925.3018887,765.1648559570312,784.908447265625,22.96703338623047,454.9084167480469,669.2673950195312
1706074925.3175666,778.4615478515625,784.1025390625,1050.4395751953125,937.2161254882812,813.113525390625
1706074925.334071,778.4615478515625,784.1025390625,1050.4395751953125,937.2161254882812,813.113525390625
1706074925.3507364,778.4615478515625,784.1025390625,1050.4395751953125,937.2161254882812,813.113525390625
1706074925.3684025,782.087890625,796.996337890625,880.0,805.8607788085938,751.8681030273438
1706074925.3851192,782.087890625,796.996337890625,880.0,805.8607788085938,751.8681030273438
1706074925.401001,782.087890625,796.996337890625,880.0,805.8607788085938,751.8681030273438
1706074925.4175856,763.9560546875,792.5640869140625,580.6226806640625,697.4725341796875,985.1648559570312
1706074925.4341803,813.91943359375,789.3406372070312,850.1831665039062,1054.06591796875,799.010986328125
1706074925.4509885,813.91943359375,789.3406372070312,850.1831665039062,1054.06591796875,799.010986328125
1706074925.4674976,789.3406372070312,793.7728881835938,549.5970458984375,774.4322509765625,799.010986328125
1706074925.471076,789.3406372070312,793.7728881835938,549.5970458984375,774.4322509765625,799.010986328125
1706074925.4855702,789.3406372070312,793.7728881835938,549.5970458984375,774.4322509765625,799.010986328125
1706074925.501758,791.7582397460938,794.1758422851562,579.010986328125,548.3883056640625,574.5787353515625
1706074925.5174263,822.7838745117188,794.5787353515625,936.8131713867188,941.6483764648438,837.2893676757812
1706074925.5341368,822.7838745117188,794.5787353515625,936.8131713867188,941.6483764648438,837.2893676757812
1706074925.549774,794.981689453125,790.5494384765625,230.07325744628906,543.5531005859375,911.4285888671875
1706074925.5686967,788.1318969726562,790.5494384765625,209.5238037109375,485.5311279296875,622.930419921875
1706074925.5830953,818.7545776367188,787.3259887695312,1392.5274658203125,1115.3114013671875,901.3552856445312
1706074925.601762,838.4981689453125,785.3113403320312,1201.5384521484375,1041.5750732421875,798.6080322265625
1706074925.6174774,838.4981689453125,785.3113403320312,1201.5384521484375,1041.5750732421875,798.6080322265625
1706074925.6353185,827.6190185546875,785.3113403320312,1215.6409912109375,1096.776611328125,854.6153564453125
1706074925.6387265,809.084228515625,784.908447265625,1280.10986328125,1030.6959228515625,1088.3150634765625
1706074925.6525574,809.084228515625,784.908447265625,1280.10986328125,1030.6959228515625,1088.3150634765625
1706074925.6693301,777.2527465820312,784.1025390625,174.06593322753906,419.4505615234375,619.3040161132812
1706074925.6851778,777.2527465820312,784.1025390625,174.06593322753906,419.4505615234375,619.3040161132812
1706074925.699849,777.2527465820312,784.1025390625,174.06593322753906,419.4505615234375,619.3040161132812
1706074925.7174883,777.2527465820312,784.1025390625,174.06593322753906,419.4505615234375,619.3040161132812
1706074925.733181,777.2527465820312,784.1025390625,174.06593322753906,419.4505615234375,619.3040161132812
1706074925.7519112,781.6849975585938,794.5787353515625,217.1794891357422,477.8754577636719,591.5018310546875
1706074925.7554264,781.6849975585938,794.5787353515625,217.1794891357422,477.8754577636719,591.5018310546875
1706074925.7694383,781.6849975585938,794.5787353515625,217.1794891357422,477.8754577636719,591.5018310546875
1706074925.784985,766.3735961914062,795.7875366210938,94.28571319580078,450.4761962890625,641.4652099609375
1706074925.8008757,783.6996459960938,799.4139404296875,53.18681335449219,466.996337890625,931.1721801757812
1706074925.8037915,783.6996459960938,799.4139404296875,53.18681335449219,466.996337890625,931.1721801757812
1706074925.8187826,783.6996459960938,799.4139404296875,53.18681335449219,466.996337890625,931.1721801757812
1706074925.8674343,794.981689453125,794.981689453125,0.0,451.6849670410156,615.2747192382812
1706074925.9677272,785.7142944335938,803.8461303710938,322.74725341796875,452.4908447265625,677.7289428710938
1706074925.9829965,785.7142944335938,803.8461303710938,322.74725341796875,452.4908447265625,677.7289428710938
1706074925.9996657,806.2637329101562,792.5640869140625,1312.3443603515625,1047.6190185546875,814.7252807617188
1706074926.0175912,782.4908447265625,793.3699340820312,169.23077392578125,434.3589782714844,982.3442993164062
1706074926.0332882,782.4908447265625,793.3699340820312,169.23077392578125,434.3589782714844,982.3442993164062
1706074926.0509741,793.7728881835938,796.1904907226562,1108.05859375,647.912109375,626.5567626953125
1706074926.0664835,793.7728881835938,796.1904907226562,1108.05859375,647.912109375,626.5567626953125
1706074926.082277,793.7728881835938,796.1904907226562,1108.05859375,647.912109375,626.5567626953125
1706074926.101009,793.7728881835938,796.1904907226562,1108.05859375,647.912109375,626.5567626953125
1706074926.1164534,793.7728881835938,796.1904907226562,1108.05859375,647.912109375,626.5567626953125
1706074926.1330922,793.7728881835938,796.1904907226562,1108.05859375,647.912109375,626.5567626953125
1706074926.1517386,774.8351440429688,787.7289428710938,400.5128173828125,476.6666564941406,711.97802734375
1706074926.1674118,774.8351440429688,787.7289428710938,400.5128173828125,476.6666564941406,711.97802734375
1706074926.183146,814.3223266601562,797.8021850585938,1122.967041015625,1041.5750732421875,807.4725341796875
1706074926.200743,784.1025390625,792.5640869140625,981.1355590820312,749.8534545898438,880.0
1706074926.216412,784.1025390625,792.5640869140625,981.1355590820312,749.8534545898438,880.0
1706074926.2341306,784.1025390625,792.5640869140625,981.1355590820312,749.8534545898438,880.0
1706074926.2508237,792.967041015625,782.4908447265625,684.981689453125,775.6410522460938,753.4798583984375
1706074926.2674558,803.8461303710938,786.923095703125,1286.5567626953125,1104.4322509765625,949.7069702148438
1706074926.2831516,803.8461303710938,786.923095703125,1286.5567626953125,1104.4322509765625,949.7069702148438
1706074926.3007948,815.5311279296875,786.1171875,1281.7215576171875,1100.0,841.3186645507812
1706074926.3174574,815.5311279296875,786.1171875,1281.7215576171875,1100.0,841.3186645507812
1706074926.3341684,755.8974609375,788.1318969726562,464.981689453125,539.5238037109375,622.5274658203125
1706074926.3517773,770.4029541015625,798.2051391601562,318.71795654296875,483.1135559082031,589.4871826171875
1706074926.3665054,770.4029541015625,798.2051391601562,318.71795654296875,483.1135559082031,589.4871826171875
1706074926.3844497,776.8497924804688,789.7435913085938,157.14285278320312,475.054931640625,950.5128173828125
1706074926.400934,804.6520385742188,791.3552856445312,1278.4981689453125,1029.89013671875,821.5750732421875
1706074926.4165828,804.6520385742188,791.3552856445312,1278.4981689453125,1029.89013671875,821.5750732421875
1706074926.4331048,804.6520385742188,791.3552856445312,1278.4981689453125,1029.89013671875,821.5750732421875
1706074926.449926,810.6959838867188,787.3259887695312,1056.886474609375,1062.12451171875,856.6300659179688
1706074926.4675815,824.3956298828125,788.937744140625,1110.879150390625,1097.179443359375,879.1941528320312
1706074926.4842064,824.3956298828125,788.937744140625,1110.879150390625,1097.179443359375,879.1941528320312
1706074926.5008717,822.3809814453125,791.3552856445312,615.6776733398438,860.6593627929688,804.6520385742188
1706074926.5173929,766.7765502929688,786.5201416015625,596.7399291992188,589.89013671875,751.062255859375
1706074926.5197616,766.7765502929688,786.5201416015625,596.7399291992188,589.89013671875,751.062255859375
1706074926.5354621,811.098876953125,789.3406372070312,1053.2601318359375,924.7252807617188,1068.5714111328125
1706074926.5509024,784.5054931640625,781.2820434570312,1051.6483154296875,851.3919677734375,759.5238037109375
1706074926.5674443,784.5054931640625,781.2820434570312,1051.6483154296875,851.3919677734375,759.5238037109375
1706074926.5851188,803.4432373046875,792.967041015625,84.61538696289062,621.3186645507812,865.4945068359375
1706074926.5998917,806.6666870117188,793.3699340820312,245.38461303710938,664.4322509765625,861.4652099609375
1706074926.6165602,806.6666870117188,793.3699340820312,245.38461303710938,664.4322509765625,861.4652099609375
1706074926.6332629,806.6666870117188,793.3699340820312,245.38461303710938,664.4322509765625,861.4652099609375
1706074926.6517847,792.5640869140625,786.923095703125,1299.853515625,1022.2344360351562,849.3773193359375
1706074926.667562,791.3552856445312,796.5933837890625,74.94505310058594,481.0989074707031,826.00732421875
1706074926.6847486,791.3552856445312,796.5933837890625,74.94505310058594,481.0989074707031,826.00732421875
1706074926.6997821,779.6703491210938,786.5201416015625,1329.6702880859375,961.7948608398438,808.6813354492188
1706074926.7184923,797.3992919921875,790.5494384765625,1274.871826171875,877.1795043945312,873.9560546875
1706074926.7340329,797.3992919921875,790.5494384765625,1274.871826171875,877.1795043945312,873.9560546875
1706074926.75076,766.7765502929688,781.2820434570312,620.10986328125,545.5677490234375,698.6813354492188
1706074926.7655468,766.7765502929688,781.2820434570312,620.10986328125,545.5677490234375,698.6813354492188
1706074926.7685916,766.7765502929688,781.2820434570312,620.10986328125,545.5677490234375,698.6813354492188
1706074926.7840025,766.7765502929688,781.2820434570312,620.10986328125,545.5677490234375,698.6813354492188
1706074926.800735,766.7765502929688,781.2820434570312,620.10986328125,545.5677490234375,698.6813354492188
1706074926.8174586,814.3223266601562,782.893798828125,1164.06591796875,1030.6959228515625,829.6337280273438
1706074926.8349254,757.5091552734375,776.0439453125,208.7179412841797,493.99267578125,840.10986328125
1706074926.8506837,757.5091552734375,776.0439453125,208.7179412841797,493.99267578125,840.10986328125
1706074926.9024112,802.2344360351562,778.8644409179688,1104.029296875,1055.6776123046875,834.8717651367188
1706074926.919314,784.5054931640625,793.7728881835938,9.267398834228516,545.1648559570312,645.091552734375
1706074926.9341276,784.5054931640625,793.7728881835938,9.267398834228516,545.1648559570312,645.091552734375
1706074926.9518132,807.4725341796875,791.3552856445312,1163.6629638671875,1050.03662109375,789.7435913085938
1706074926.9692187,808.6813354492188,787.3259887695312,811.098876953125,991.6116943359375,960.5860595703125
1706074926.985152,818.3516235351562,786.923095703125,924.7252807617188,1006.923095703125,750.2564086914062
1706074927.0008914,791.3552856445312,791.3552856445312,913.8461303710938,741.7948608398438,695.054931640625
1706074927.016447,791.3552856445312,791.3552856445312,913.8461303710938,741.7948608398438,695.054931640625
1706074927.035206,801.025634765625,801.025634765625,10.879120826721191,534.2857055664062,892.4908447265625
1706074927.0508823,815.1282348632812,794.981689453125,566.923095703125,821.1721801757812,764.3589477539062
1706074927.0665405,815.1282348632812,794.981689453125,566.923095703125,821.1721801757812,764.3589477539062
1706074927.0831535,815.1282348632812,794.981689453125,566.923095703125,821.1721801757812,764.3589477539062
1706074927.0998776,815.1282348632812,794.981689453125,566.923095703125,821.1721801757812,764.3589477539062
1706074927.1184127,786.5201416015625,783.2966918945312,757.106201171875,885.6410522460938,886.0439453125
1706074927.134121,823.5897216796875,806.2637329101562,1138.2784423828125,911.8314819335938,989.5970458984375
1706074927.1498826,823.5897216796875,806.2637329101562,1138.2784423828125,911.8314819335938,989.5970458984375
1706074927.1682408,786.923095703125,790.5494384765625,1368.3516845703125,1035.128173828125,838.4981689453125
1706074927.184046,788.5347900390625,770.4029541015625,1110.879150390625,726.886474609375,695.054931640625
1706074927.2016742,788.5347900390625,770.4029541015625,1110.879150390625,726.886474609375,695.054931640625
1706074927.2193398,767.5823974609375,773.2234497070312,420.25640869140625,511.3186950683594,622.930419921875
1706074927.23422,836.886474609375,783.2966918945312,1314.3590087890625,1016.1904907226562,820.3662719726562
1706074927.2507477,810.2930297851562,792.5640869140625,331.20880126953125,607.2161254882812,678.1318969726562
1706074927.2675395,809.084228515625,788.5347900390625,854.6153564453125,613.6630249023438,687.8021850585938
1706074927.2832358,809.084228515625,788.5347900390625,854.6153564453125,613.6630249023438,687.8021850585938
1706074927.300756,809.084228515625,788.5347900390625,854.6153564453125,613.6630249023438,687.8021850585938
1706074927.316526,809.084228515625,788.5347900390625,854.6153564453125,613.6630249023438,687.8021850585938
1706074927.3342,836.886474609375,790.952392578125,818.3516235351562,953.3333129882812,1317.179443359375
1706074927.3516374,824.3956298828125,794.5787353515625,1364.3223876953125,838.09521484375,704.3223266601562
1706074927.3665125,800.6226806640625,797.3992919921875,316.30035400390625,700.6959838867188,703.91943359375
1706074927.384229,801.025634765625,798.2051391601562,569.3406372070312,596.3369750976562,676.923095703125
1706074927.4007225,801.025634765625,798.2051391601562,569.3406372070312,596.3369750976562,676.923095703125
1706074927.4183304,794.1758422851562,794.5787353515625,1240.6226806640625,797.3992919921875,784.1025390625
1706074927.4331918,794.1758422851562,794.5787353515625,1240.6226806640625,797.3992919921875,784.1025390625
1706074927.4517298,810.6959838867188,794.981689453125,1116.923095703125,940.4395751953125,800.2197875976562
1706074927.4675403,816.3369750976562,794.1758422851562,618.4981689453125,889.2673950195312,773.6264038085938
1706074927.4832222,816.3369750976562,794.1758422851562,618.4981689453125,889.2673950195312,773.6264038085938
1706074927.5008924,776.0439453125,791.7582397460938,120.87911987304688,740.1831665039062,794.1758422851562
1706074927.5047226,776.0439453125,791.7582397460938,120.87911987304688,740.1831665039062,794.1758422851562
1706074927.5187263,776.0439453125,791.7582397460938,120.87911987304688,740.1831665039062,794.1758422851562
1706074927.5341785,776.0439453125,791.7582397460938,120.87911987304688,740.1831665039062,794.1758422851562
1706074927.5507405,776.0439453125,791.7582397460938,120.87911987304688,740.1831665039062,794.1758422851562
1706074927.567281,780.0732421875,797.8021850585938,393.26007080078125,684.5787353515625,762.3442993164062
1706074927.5852168,788.5347900390625,795.7875366210938,161.1721649169922,819.1575317382812,882.4176025390625
1706074927.599748,788.5347900390625,795.7875366210938,161.1721649169922,819.1575317382812,882.4176025390625
1706074927.6184444,831.2454223632812,794.1758422851562,1225.3114013671875,811.90478515625,721.6483764648438
1706074927.6340518,873.1502075195312,798.2051391601562,1029.89013671875,984.7619018554688,848.5714111328125
1706074927.6508627,848.5714111328125,782.4908447265625,1108.4615478515625,906.1904907226562,707.5457763671875
1706074927.6663876,848.5714111328125,782.4908447265625,1108.4615478515625,906.1904907226562,707.5457763671875
1706074927.6831856,848.5714111328125,782.4908447265625,1108.4615478515625,906.1904907226562,707.5457763671875
1706074927.7018547,804.2490844726562,788.5347900390625,715.6043701171875,713.1868286132812,701.098876953125
1706074927.7165117,804.2490844726562,788.5347900390625,715.6043701171875,713.1868286132812,701.098876953125
1706074927.734066,804.2490844726562,788.5347900390625,715.6043701171875,713.1868286132812,701.098876953125
1706074927.7497272,804.2490844726562,788.5347900390625,715.6043701171875,713.1868286132812,701.098876953125
1706074927.7672222,782.893798828125,785.3113403320312,276.4102478027344,756.3003540039062,727.2893676757812
1706074927.78507,857.8388061523438,794.981689453125,390.8424987792969,902.967041015625,1004.5054931640625
1706074927.7869046,857.8388061523438,794.981689453125,390.8424987792969,902.967041015625,1004.5054931640625
1706074927.803866,857.8388061523438,794.981689453125,390.8424987792969,902.967041015625,1004.5054931640625
1706074927.8193443,786.5201416015625,788.5347900390625,48.35165023803711,887.2527465820312,763.1502075195312
1706074927.8257513,786.5201416015625,788.5347900390625,48.35165023803711,887.2527465820312,763.1502075195312
1706074927.8363981,786.5201416015625,788.5347900390625,48.35165023803711,887.2527465820312,763.1502075195312
1706074927.852202,805.4578857421875,796.5933837890625,651.94140625,516.5567626953125,686.5933837890625
1706074927.868328,781.2820434570312,787.3259887695312,84.21245574951172,815.5311279296875,941.2454223632812
1706074927.8722162,781.2820434570312,787.3259887695312,84.21245574951172,815.5311279296875,941.2454223632812
1706074927.888049,781.2820434570312,787.3259887695312,84.21245574951172,815.5311279296875,941.2454223632812
1706074927.9020777,771.2088012695312,791.3552856445312,28.205127716064453,645.8974609375,1086.7032470703125
1706074927.91878,771.2088012695312,791.3552856445312,28.205127716064453,645.8974609375,1086.7032470703125
1706074927.967311,776.8497924804688,787.3259887695312,68.4981689453125,811.098876953125,816.7399291992188
1706074927.983039,776.8497924804688,787.3259887695312,68.4981689453125,811.098876953125,816.7399291992188
1706074927.9868343,804.6520385742188,787.3259887695312,143.84616088867188,881.6116943359375,782.4908447265625
1706074928.0018282,798.2051391601562,792.967041015625,69.30403137207031,845.7509155273438,1004.1025390625
1706074928.018416,805.8607788085938,793.7728881835938,138.60806274414062,777.2527465820312,628.974365234375
1706074928.03413,780.0732421875,781.6849975585938,5.238095283508301,1081.4652099609375,1200.3297119140625
1706074928.0498462,780.0732421875,781.6849975585938,5.238095283508301,1081.4652099609375,1200.3297119140625
1706074928.0673723,780.0732421875,781.6849975585938,5.238095283508301,1081.4652099609375,1200.3297119140625
1706074928.084173,778.8644409179688,781.2820434570312,6.043956279754639,1095.164794921875,877.9853515625
1706074928.0997167,778.8644409179688,781.2820434570312,6.043956279754639,1095.164794921875,877.9853515625
1706074928.1175032,607.6190185546875,805.8607788085938,25.787546157836914,929.5604248046875,903.7728881835938
1706074928.1341693,594.3223266601562,814.3223266601562,174.4688720703125,575.7875366210938,809.4871826171875
1706074928.1496842,594.3223266601562,814.3223266601562,174.4688720703125,575.7875366210938,809.4871826171875
1706074928.1683373,665.2380981445312,802.2344360351562,623.3333129882812,1190.2564697265625,949.3040161132812
1706074928.184099,582.2344360351562,834.8717651367188,412.6007385253906,140.21978759765625,599.5604248046875
1706074928.2007885,771.6116943359375,786.5201416015625,1047.6190185546875,329.19415283203125,508.9010925292969
1706074928.2164335,811.90478515625,779.2673950195312,745.8241577148438,1327.6556396484375,1145.128173828125
1706074928.234106,811.90478515625,779.2673950195312,745.8241577148438,1327.6556396484375,1145.128173828125
1706074928.2507217,828.02197265625,782.4908447265625,992.0146484375,1319.194091796875,929.1575317382812
1706074928.267534,848.5714111328125,782.4908447265625,1057.2894287109375,747.8388061523438,718.8278198242188
1706074928.2830238,848.5714111328125,782.4908447265625,1057.2894287109375,747.8388061523438,718.8278198242188
1706074928.299844,848.5714111328125,782.4908447265625,1057.2894287109375,747.8388061523438,718.8278198242188
1706074928.3173723,846.1538696289062,789.3406372070312,930.3662719726562,530.6593627929688,596.3369750976562
1706074928.334172,846.1538696289062,789.3406372070312,930.3662719726562,530.6593627929688,596.3369750976562
1706074928.3498385,846.1538696289062,789.3406372070312,930.3662719726562,530.6593627929688,596.3369750976562
1706074928.368511,827.6190185546875,802.6373901367188,560.0732421875,475.8608093261719,712.3809814453125
1706074928.3831635,827.6190185546875,802.6373901367188,560.0732421875,475.8608093261719,712.3809814453125
1706074928.401807,814.7252807617188,811.90478515625,449.26739501953125,318.71795654296875,570.5494384765625
1706074928.4171617,814.7252807617188,811.90478515625,449.26739501953125,318.71795654296875,570.5494384765625
1706074928.4340158,814.7252807617188,811.90478515625,449.26739501953125,318.71795654296875,570.5494384765625
1706074928.4388497,823.1868286132812,799.010986328125,1022.6373901367188,1473.91943359375,992.8204956054688
1706074928.4518154,806.2637329101562,798.2051391601562,970.6593627929688,1004.5054931640625,861.8681030273438
1706074928.4671602,806.2637329101562,798.2051391601562,970.6593627929688,1004.5054931640625,861.8681030273438
1706074928.4861383,792.967041015625,785.7142944335938,1272.05126953125,1238.6080322265625,859.4505615234375
1706074928.4997475,792.967041015625,785.7142944335938,1272.05126953125,1238.6080322265625,859.4505615234375
1706074928.5164149,792.967041015625,785.7142944335938,1272.05126953125,1238.6080322265625,859.4505615234375
1706074928.5340233,896.1171875,778.8644409179688,1195.4945068359375,4.432234287261963,1064.13916015625
1706074928.550772,905.3846435546875,785.3113403320312,1129.81689453125,1416.7032470703125,1016.1904907226562
1706074928.5673568,905.3846435546875,785.3113403320312,1129.81689453125,1416.7032470703125,1016.1904907226562
1706074928.584377,905.3846435546875,785.3113403320312,1129.81689453125,1416.7032470703125,1016.1904907226562
1706074928.5996604,905.3846435546875,785.3113403320312,1129.81689453125,1416.7032470703125,1016.1904907226562
1706074928.6175091,917.069580078125,803.8461303710938,794.981689453125,1301.8681640625,945.6776733398438
1706074928.6341608,917.069580078125,803.8461303710938,794.981689453125,1301.8681640625,945.6776733398438
1706074928.6498284,917.069580078125,803.8461303710938,794.981689453125,1301.8681640625,945.6776733398438
1706074928.6692874,817.5457763671875,803.8461303710938,224.029296875,147.4725341796875,529.047607421875
1706074928.6830204,837.6923217773438,802.2344360351562,560.4761962890625,1014.5787353515625,809.89013671875
1706074928.7005632,837.6923217773438,802.2344360351562,560.4761962890625,1014.5787353515625,809.89013671875
1706074928.7174938,837.6923217773438,802.2344360351562,560.4761962890625,1014.5787353515625,809.89013671875
1706074928.733107,837.6923217773438,802.2344360351562,560.4761962890625,1014.5787353515625,809.89013671875
1706074928.750831,787.3259887695312,813.113525390625,1031.90478515625,1054.06591796875,898.1318969726562
1706074928.7664924,787.3259887695312,813.113525390625,1031.90478515625,1054.06591796875,898.1318969726562
1706074928.7831519,788.1318969726562,817.5457763671875,1082.6739501953125,429.1208801269531,593.113525390625
1706074928.801667,777.6557006835938,805.4578857421875,1245.054931640625,1245.054931640625,1011.7582397460938
1706074928.817347,777.6557006835938,805.4578857421875,1245.054931640625,1245.054931640625,1011.7582397460938
1706074928.834181,695.054931640625,803.4432373046875,1083.4798583984375,158.75457763671875,497.21612548828125
1706074928.8518348,804.6520385742188,803.4432373046875,1170.10986328125,1150.3663330078125,1127.3992919921875
1706074928.8674774,768.7911987304688,799.8168334960938,1502.930419921875,1104.4322509765625,776.0439453125
1706074928.8831446,768.7911987304688,799.8168334960938,1502.930419921875,1104.4322509765625,776.0439453125
1706074928.9008076,780.4761962890625,807.069580078125,1533.150146484375,305.8241882324219,610.03662109375
1706074928.917474,774.8351440429688,801.4285888671875,1550.879150390625,991.6116943359375,901.3552856445312
1706074928.9331439,774.8351440429688,801.4285888671875,1550.879150390625,991.6116943359375,901.3552856445312
1706074928.949817,774.8351440429688,801.4285888671875,1550.879150390625,991.6116943359375,901.3552856445312
1706074928.9663396,774.8351440429688,801.4285888671875,1550.879150390625,991.6116943359375,901.3552856445312
1706074928.9841409,790.1465454101562,793.7728881835938,1520.2564697265625,419.8534851074219,601.5750732421875
1706074929.0007975,794.1758422851562,793.3699340820312,1517.4359130859375,1294.21240234375,1054.871826171875
1706074929.0164285,794.1758422851562,793.3699340820312,1517.4359130859375,1294.21240234375,1054.871826171875
1706074929.03512,712.3809814453125,810.6959838867188,641.062255859375,518.5714111328125,997.6557006835938
1706074929.039479,669.6703491210938,810.6959838867188,672.4908447265625,1095.970703125,1006.1171875
1706074929.0517726,510.1098937988281,857.4359130859375,3.626373529434204,51.57509231567383,485.1282043457031
1706074929.067396,510.1098937988281,857.4359130859375,3.626373529434204,51.57509231567383,485.1282043457031
1706074929.08311,510.1098937988281,857.4359130859375,3.626373529434204,51.57509231567383,485.1282043457031
1706074929.1004813,510.1098937988281,857.4359130859375,3.626373529434204,51.57509231567383,485.1282043457031
1706074929.1164238,510.1098937988281,857.4359130859375,3.626373529434204,51.57509231567383,485.1282043457031
1706074929.1349664,670.879150390625,834.8717651367188,110.0,855.018310546875,912.6373901367188
1706074929.1507611,670.879150390625,834.8717651367188,110.0,855.018310546875,912.6373901367188
1706074929.166417,670.879150390625,834.8717651367188,110.0,855.018310546875,912.6373901367188
1706074929.1830213,670.879150390625,834.8717651367188,110.0,855.018310546875,912.6373901367188
1706074929.1997545,670.879150390625,834.8717651367188,110.0,855.018310546875,912.6373901367188
1706074929.2173095,833.2600708007812,785.3113403320312,863.8828125,646.3003540039062,743.4066162109375
1706074929.2330844,833.2600708007812,785.3113403320312,863.8828125,646.3003540039062,743.4066162109375
1706074929.2508278,801.4285888671875,797.8021850585938,1276.08056640625,1271.245361328125,975.8974609375
1706074929.2683823,801.4285888671875,797.8021850585938,1276.08056640625,1271.245361328125,975.8974609375
1706074929.2842038,801.4285888671875,797.8021850585938,1276.08056640625,1271.245361328125,975.8974609375
1706074929.3008034,799.010986328125,792.5640869140625,1277.2894287109375,1304.2857666015625,975.8974609375
1706074929.316447,805.4578857421875,806.6666870117188,1163.2601318359375,928.3516235351562,1122.5640869140625
1706074929.33406,781.2820434570312,784.1025390625,1133.040283203125,444.4322204589844,608.8278198242188
1706074929.3508365,824.7985229492188,800.6226806640625,1238.6080322265625,810.6959838867188,710.7692260742188
1706074929.3686182,824.7985229492188,800.6226806640625,1238.6080322265625,810.6959838867188,710.7692260742188
1706074929.3864887,822.7838745117188,807.87548828125,1245.86083984375,1091.5384521484375,925.93408203125
1706074929.4007819,822.7838745117188,807.87548828125,1245.86083984375,1091.5384521484375,925.93408203125
1706074929.4173763,810.2930297851562,794.981689453125,1203.5531005859375,354.5787658691406,540.7326049804688
1706074929.4213455,810.2930297851562,794.981689453125,1203.5531005859375,354.5787658691406,540.7326049804688
1706074929.4358327,812.7106323242188,799.8168334960938,1212.820556640625,681.3552856445312,674.5054931640625
1706074929.451603,812.7106323242188,799.8168334960938,1212.820556640625,681.3552856445312,674.5054931640625
1706074929.468504,812.7106323242188,799.8168334960938,1212.820556640625,681.3552856445312,674.5054931640625
1706074929.4829948,812.7106323242188,799.8168334960938,1212.820556640625,681.3552856445312,674.5054931640625
1706074929.5018282,786.5201416015625,796.996337890625,1394.945068359375,1243.040283203125,927.1428833007812
1706074929.517286,770.8058471679688,785.3113403320312,1418.3150634765625,431.1355285644531,629.7802124023438
1706074929.535076,823.99267578125,774.4322509765625,1132.6373291015625,463.77288818359375,884.029296875
1706074929.5395863,823.99267578125,774.4322509765625,1132.6373291015625,463.77288818359375,884.029296875
1706074929.5519774,823.99267578125,774.4322509765625,1132.6373291015625,463.77288818359375,884.029296875
1706074929.5683038,836.08056640625,762.7472534179688,1064.945068359375,559.2673950195312,551.2088012695312
1706074929.5830731,880.8058471679688,759.9267578125,269.1575012207031,1284.945068359375,911.4285888671875
1706074929.6005034,880.8058471679688,759.9267578125,269.1575012207031,1284.945068359375,911.4285888671875
1706074929.6164103,880.8058471679688,759.9267578125,269.1575012207031,1284.945068359375,911.4285888671875
1706074929.6349123,961.3919677734375,765.1648559570312,22.96703338623047,1345.78759765625,1043.99267578125
1706074929.637462,961.3919677734375,765.1648559570312,22.96703338623047,1345.78759765625,1043.99267578125
1706074929.6517231,961.3919677734375,765.1648559570312,22.96703338623047,1345.78759765625,1043.99267578125
1706074929.6674154,961.3919677734375,765.1648559570312,22.96703338623047,1345.78759765625,1043.99267578125
1706074929.6850765,838.901123046875,773.6264038085938,16.5201473236084,1330.879150390625,1120.952392578125
1706074929.6997461,838.901123046875,773.6264038085938,16.5201473236084,1330.879150390625,1120.952392578125
1706074929.717286,832.05126953125,787.3259887695312,57.619049072265625,1359.4871826171875,1106.849853515625
1706074929.7348857,832.05126953125,787.3259887695312,57.619049072265625,1359.4871826171875,1106.849853515625
1706074929.7506537,832.05126953125,787.3259887695312,57.619049072265625,1359.4871826171875,1106.849853515625
1706074929.7682943,816.3369750976562,784.908447265625,110.4029312133789,915.8607788085938,792.967041015625
1706074929.7840817,781.6849975585938,792.5640869140625,412.6007385253906,774.4322509765625,694.2490844726562
1706074929.8006558,776.8497924804688,779.6703491210938,391.24542236328125,545.5677490234375,614.06591796875
1706074929.8035944,776.0439453125,784.1025390625,495.6044006347656,1220.879150390625,994.4322509765625
1706074929.8187447,811.5018310546875,770.0,705.93408203125,1256.3370361328125,892.4908447265625
1706074929.833905,811.5018310546875,770.0,705.93408203125,1256.3370361328125,892.4908447265625
1706074929.851382,828.02197265625,780.879150390625,772.4176025390625,617.6923217773438,724.8717651367188
1706074929.86714,828.02197265625,780.879150390625,772.4176025390625,617.6923217773438,724.8717651367188
1706074929.883996,828.02197265625,780.879150390625,772.4176025390625,617.6923217773438,724.8717651367188
1706074929.8997364,828.02197265625,780.879150390625,772.4176025390625,617.6923217773438,724.8717651367188
1706074929.918112,854.2124633789062,720.03662109375,1479.157470703125,1002.893798828125,807.87548828125
1706074929.919896,854.2124633789062,720.03662109375,1479.157470703125,1002.893798828125,807.87548828125
1706074929.9350743,854.2124633789062,720.03662109375,1479.157470703125,1002.893798828125,807.87548828125
1706074929.9507298,854.2124633789062,720.03662109375,1479.157470703125,1002.893798828125,807.87548828125
1706074929.9683704,821.97802734375,817.5457763671875,1532.7471923828125,1344.17578125,982.7472534179688
1706074929.983821,821.97802734375,817.5457763671875,1532.7471923828125,1344.17578125,982.7472534179688
1706074930.0013552,774.029296875,811.098876953125,1560.5494384765625,731.7216186523438,723.6630249023438
1706074930.0171032,784.1025390625,805.8607788085938,1563.3699951171875,1081.062255859375,892.4908447265625
1706074930.0338342,784.1025390625,805.8607788085938,1563.3699951171875,1081.062255859375,892.4908447265625
1706074930.049703,784.1025390625,805.8607788085938,1563.3699951171875,1081.062255859375,892.4908447265625
1706074930.052925,784.1025390625,805.8607788085938,1563.3699951171875,1081.062255859375,892.4908447265625
1706074930.068476,764.7619018554688,959.3773193359375,1533.5531005859375,559.2673950195312,638.6447143554688
1706074930.0839171,764.7619018554688,959.3773193359375,1533.5531005859375,559.2673950195312,638.6447143554688
1706074930.1006944,776.4468994140625,891.6849975585938,1006.5201416015625,899.7435913085938,904.1758422851562
1706074930.1173725,769.1941528320312,938.4249267578125,1206.776611328125,812.7106323242188,819.5604248046875
1706074930.1329713,769.1941528320312,938.4249267578125,1206.776611328125,812.7106323242188,819.5604248046875
1706074930.1516845,788.5347900390625,868.3150024414062,73.73626708984375,800.2197875976562,745.8241577148438
1706074930.1685846,788.5347900390625,868.3150024414062,73.73626708984375,800.2197875976562,745.8241577148438
1706074930.1850257,778.8644409179688,859.047607421875,18.53479766845703,460.952392578125,628.1685180664062
1706074930.2005825,778.8644409179688,859.047607421875,18.53479766845703,460.952392578125,628.1685180664062
1706074930.2173848,778.8644409179688,859.047607421875,18.53479766845703,460.952392578125,628.1685180664062
1706074930.2340603,793.7728881835938,856.6300659179688,59.63370132446289,668.05859375,708.3516235351562
1706074930.2506928,793.7728881835938,856.6300659179688,59.63370132446289,668.05859375,708.3516235351562
1706074930.2673037,793.7728881835938,856.6300659179688,59.63370132446289,668.05859375,708.3516235351562
1706074930.2830155,793.7728881835938,856.6300659179688,59.63370132446289,668.05859375,708.3516235351562
1706074930.3006883,815.1282348632812,844.5421142578125,203.4798583984375,1324.835205078125,1238.6080322265625
1706074930.3172781,798.6080322265625,858.2417602539062,341.6849670410156,831.6483764648438,863.4798583984375
1706074930.3330278,798.6080322265625,858.2417602539062,341.6849670410156,831.6483764648438,863.4798583984375
1706074930.3516028,794.1758422851562,825.6043701171875,541.1355590820312,1341.75830078125,988.3883056640625
1706074930.3673594,777.6557006835938,813.91943359375,391.24542236328125,361.4285583496094,799.010986328125
1706074930.3850932,776.8497924804688,824.3956298828125,456.5201416015625,307.032958984375,572.1611938476562
1706074930.4006684,792.5640869140625,815.93408203125,499.6336975097656,227.25274658203125,456.1172180175781
1706074930.4163842,792.5640869140625,815.93408203125,499.6336975097656,227.25274658203125,456.1172180175781
1706074930.4340572,820.7692260742188,805.8607788085938,599.5604248046875,1209.5970458984375,890.0732421875
1706074930.4496768,820.7692260742188,805.8607788085938,599.5604248046875,1209.5970458984375,890.0732421875
1706074930.466358,820.7692260742188,805.8607788085938,599.5604248046875,1209.5970458984375,890.0732421875
1706074930.4829056,820.7692260742188,805.8607788085938,599.5604248046875,1209.5970458984375,890.0732421875
1706074930.5016732,797.8021850585938,806.6666870117188,314.28570556640625,1412.6739501953125,1060.915771484375
1706074930.5182028,797.8021850585938,806.6666870117188,314.28570556640625,1412.6739501953125,1060.915771484375
1706074930.520842,797.8021850585938,806.6666870117188,314.28570556640625,1412.6739501953125,1060.915771484375
1706074930.535087,599.5604248046875,811.098876953125,167.61904907226562,379.5604248046875,608.4249267578125
1706074930.551661,523.8095092773438,828.4249267578125,1065.3480224609375,727.2893676757812,756.7033081054688
1706074930.5671918,523.8095092773438,828.4249267578125,1065.3480224609375,727.2893676757812,756.7033081054688
1706074930.5698383,523.8095092773438,828.4249267578125,1065.3480224609375,727.2893676757812,756.7033081054688
1706074930.5852082,523.8095092773438,828.4249267578125,1065.3480224609375,727.2893676757812,756.7033081054688
1706074930.6006658,523.8095092773438,828.4249267578125,1065.3480224609375,727.2893676757812,756.7033081054688
1706074930.6184733,523.8095092773438,828.4249267578125,1065.3480224609375,727.2893676757812,756.7033081054688
1706074930.6228428,574.1758422851562,824.7985229492188,1107.6556396484375,711.5750732421875,759.120849609375
1706074930.6381466,597.94873046875,827.2161254882812,1306.3004150390625,817.94873046875,868.7179565429688
1706074930.6545594,718.02197265625,860.2564086914062,1509.3773193359375,1184.6153564453125,1147.5457763671875
1706074930.6689906,718.4249267578125,875.1648559570312,1525.8974609375,1257.5457763671875,1052.4542236328125
1706074930.6848712,718.4249267578125,875.1648559570312,1525.8974609375,1257.5457763671875,1052.4542236328125
1706074930.7005239,718.4249267578125,875.1648559570312,1525.8974609375,1257.5457763671875,1052.4542236328125
1706074930.7032514,718.4249267578125,875.1648559570312,1525.8974609375,1257.5457763671875,1052.4542236328125
1706074930.7191129,751.062255859375,848.5714111328125,1529.9267578125,1082.2711181640625,848.5714111328125
1706074930.7338777,751.062255859375,848.5714111328125,1529.9267578125,1082.2711181640625,848.5714111328125
1706074930.7366486,751.062255859375,848.5714111328125,1529.9267578125,1082.2711181640625,848.5714111328125
1706074930.7519863,751.062255859375,848.5714111328125,1529.9267578125,1082.2711181640625,848.5714111328125
1706074930.7682853,751.062255859375,848.5714111328125,1529.9267578125,1082.2711181640625,848.5714111328125
1706074930.7846856,721.2454223632812,876.7765502929688,1531.94140625,769.1941528320312,741.3919677734375
1706074930.8016112,556.0439453125,662.4176025390625,1454.17578125,450.8791198730469,705.5311279296875
1706074930.8044045,590.6959838867188,662.4176025390625,1305.8974609375,236.5201416015625,589.4871826171875
1706074930.818307,590.6959838867188,662.4176025390625,1305.8974609375,236.5201416015625,589.4871826171875
1706074930.8349385,537.106201171875,589.4871826171875,1133.4432373046875,375.1282043457031,645.8974609375
1706074930.851529,541.94140625,639.8534545898438,1167.2894287109375,236.11721801757812,572.5640869140625
1706074930.867177,611.6483764648438,623.3333129882812,1058.4981689453125,641.062255859375,842.930419921875
1706074930.8763273,659.1941528320312,671.6849975585938,1035.5311279296875,775.2380981445312,1008.1318969726562
1706074930.886578,659.1941528320312,671.6849975585938,1035.5311279296875,775.2380981445312,1008.1318969726562
1706074930.9015014,659.1941528320312,671.6849975585938,1035.5311279296875,775.2380981445312,1008.1318969726562
1706074930.917171,659.1941528320312,671.6849975585938,1035.5311279296875,775.2380981445312,1008.1318969726562
1706074930.9328516,659.1941528320312,671.6849975585938,1035.5311279296875,775.2380981445312,1008.1318969726562
1706074930.9504998,614.06591796875,660.8058471679688,655.5677490234375,374.72528076171875,664.8351440429688
1706074930.9671779,614.06591796875,660.8058471679688,655.5677490234375,374.72528076171875,664.8351440429688
1706074930.983801,614.06591796875,660.8058471679688,655.5677490234375,374.72528076171875,664.8351440429688
1706074930.9882221,592.7106323242188,603.99267578125,1054.4688720703125,754.2857055664062,854.2124633789062
1706074931.0031564,594.3223266601562,608.02197265625,866.7033081054688,524.6153564453125,700.6959838867188
1706074931.0191836,594.3223266601562,608.02197265625,866.7033081054688,524.6153564453125,700.6959838867188
1706074931.029908,594.3223266601562,608.02197265625,866.7033081054688,524.6153564453125,700.6959838867188
1706074931.0504925,681.3552856445312,680.1465454101562,727.2893676757812,659.5970458984375,772.8204956054688
1706074931.0661902,681.3552856445312,680.1465454101562,727.2893676757812,659.5970458984375,772.8204956054688
1706074931.0699027,681.3552856445312,680.1465454101562,727.2893676757812,659.5970458984375,772.8204956054688
1706074931.0868447,633.8095092773438,690.2197875976562,871.1355590820312,684.5787353515625,875.5677490234375
1706074931.10278,685.7875366210938,686.996337890625,1100.805908203125,895.3113403320312,982.7472534179688
1706074931.1189094,676.1171875,718.02197265625,352.5641174316406,394.0659484863281,597.94873046875
1706074931.1338189,676.1171875,718.02197265625,352.5641174316406,394.0659484863281,597.94873046875
1706074931.149483,676.1171875,718.02197265625,352.5641174316406,394.0659484863281,597.94873046875
1706074931.1671565,716.00732421875,708.3516235351562,694.6520385742188,789.7435913085938,1067.3626708984375
1706074931.1828573,716.00732421875,708.3516235351562,694.6520385742188,789.7435913085938,1067.3626708984375
1706074931.2005002,716.00732421875,708.3516235351562,694.6520385742188,789.7435913085938,1067.3626708984375
1706074931.217155,716.00732421875,708.3516235351562,694.6520385742188,789.7435913085938,1067.3626708984375
1706074931.2349122,747.032958984375,743.4066162109375,886.0439453125,828.02197265625,814.3223266601562
1706074931.250506,747.032958984375,743.4066162109375,886.0439453125,828.02197265625,814.3223266601562
1706074931.2661965,747.032958984375,743.4066162109375,886.0439453125,828.02197265625,814.3223266601562
1706074931.283867,733.7362670898438,719.6337280273438,497.6190490722656,552.4176025390625,763.9560546875
1706074931.2995493,733.7362670898438,719.6337280273438,497.6190490722656,552.4176025390625,763.9560546875
1706074931.3172429,733.7362670898438,719.6337280273438,497.6190490722656,552.4176025390625,763.9560546875
1706074931.3336918,733.7362670898438,719.6337280273438,497.6190490722656,552.4176025390625,763.9560546875
1706074931.3516216,767.1795043945312,755.091552734375,254.65200805664062,284.0659484863281,593.113525390625
1706074931.3673017,786.1171875,788.1318969726562,303.80950927734375,272.78387451171875,637.032958984375
1706074931.3839676,813.113525390625,780.4761962890625,724.4688720703125,664.029296875,753.8828125
